Entry	Entry Name	Gene Names
A6QGC0	PRKC_STAAE	prkC NWMN_1130
D5TM67	CDAS_BACT1	cdaS dacB BMB171_C4535
O32727	SP2AB_GEOSE	spoIIAB
O34327	RAPJ_BACSU	rapJ ycdE BSU02820
O34398	LIGD_BACSU	ligd ykoU BSU13400
O34507	PRKC_BACSU	prkC yloP BSU15770
O34928	PDAA_BACSU	pdaA yfjS BSU07980
O35002	CTPB_BACSU	ctpB yvjB BSU35240
P00782	SUBT_BACAM	apr
P04189	SUBT_BACSU	aprE apr aprA sprE BSU10300
P05043	SP0E_BACSU	spo0E BSU13640
P05519	CR4BA_BACTI	cry4Ba bt8 cry4B cryD2 cryIVB(a) isrH3
P06534	SP0A_BACSU	spo0A spo0C spo0G BSU24220
P06575	BINA1_LYSSH	binA
P07788	COTA_BACSU	cotA pig BSU06300
P07860	RPSF_BACSU	sigF spoIIAC BSU23450
P08164	NADE_BACSU	nadE outB BSU03130
P10728	SP2AB_BACSU	spoIIAB BSU23460
P13801	SP2G_BACSU	spoIIGA BSU15310
P16655	DIVIB_BACSU	divIB dds BSU15240
P17556	DHA_LYSSH	ald
P17896	SP4B_BACSU	spoIVB BSU24230
P20964	OBG_BACSU	obg BSU27920
P21340	PAIA_BACSU	paiA BSU32150
P21458	SP3E_BACSU	spoIIIE ftsK BSU16800
P24141	OPPA_BACSU	oppA spo0KA BSU11430
P26937	SP4FB_BACSU	spoIVFB bofB BSU27970
P32960	RACX_BACSU	racX BSU34430
P35149	SP4A_BACSU	spoIVA spoVP BSU22800
P35835	SUBN_BACNA	aprN
P37475	SP2E_BACSU	spoIIE spoIIH BSU00640
P37484	GDPP_BACSU	gdpP yybT BSU40510
P37522	SOJ_BACSU	soj orf253 parA BSU40970
P37534	GIN_BACSU	csfB gin yaaM BSU00240
P37542	YABA_BACSU	yabA BSU00330
P37817	SPOVM_BACSU	spoVM BSU15810
P37869	ENO_BACSU	eno BSU33900
P37956	SPL_BACSU	splB spl BSU13930
P39065	ACUA_BACSU	acuA BSU29690
P39773	GPMI_BACSU	gpmI pgm BSU33910
P40288	DHG_PRIMG	NA
P45453	COMX_BACSU	comX BSU31700
P54507	TASA_BACSU	tasA cotN yqhF BSU24620
P71021	DIV4A_BACSU	divIVA ylmJ BSU15420
P94416	PHRC_BACSU	phrC hprC BSU03780
Q00828	RAPA_BACSU	rapA gsiAA spo0L BSU12430
Q00829	PHRA_BACSU	phrA gsiAB BSU12440
Q06320	CWLC_BACSU	cwlC BSU17410
Q07868	PBP2B_BACSU	pbpB BSU15160
Q182W3	SP4A_CLOD6	spoIVA CD630_26290
Q59HN7	PHRH_BACSU	phrH BSU06839
Q59HN8	RAPH_BACSU	rapH yeeH yzqA BSU06830
Q7AKG8	RSRA_STRCO	rsrA SCO5217
Q7AKI9	WHID_STRCO	whiD wblB whiB3 SCO4767
Q81WH6	PRKC_BACAN	prkC BA_4000 GBAA_4000 BAS3713
Q81X77	GPMI_BACAN	gpmI gpmA BA_5365 GBAA_5365 BAS4986
Q9L268	SSGB_STRCO	ssgB SCO1541
Q9WX11	BLDN_STRCO	bldN whiN SCO3323 SCE68.21
Q9X519	GPMI_GEOSE	gpmI pgm
Q9ZN78	AFRP_STRGR	arpA
A0PZS6	SP2AB_CLONN	spoIIAB NT01CX_1805
A0RI78	SP2AB_BACAH	spoIIAB BALH_3691
A4IQI5	SP2AB_GEOTN	spoIIAB GTNG_2240
A5N217	SP2AB_CLOK5	spoIIAB CKL_3155
A6LRL7	SP2AB_CLOB8	spoIIAB Cbei_0813
A7GS97	SP2AB_BACCN	spoIIAB Bcer98_2772
A7Z692	SP2AB_BACVZ	spoIIAB RBAM_021570
A8FET0	SP2AB_BACP2	spoIIAB BPUM_2077
A9VFH8	SP2AB_BACMK	spoIIAB BcerKBAB4_3904
B0K150	SP2AB_THEPX	spoIIAB Teth514_1558
B0K9G3	SP2AB_THEP3	spoIIAB Teth39_1121
B2TLY1	SP2AB_CLOBB	spoIIAB CLL_A0875
B2V2G9	SP2AB_CLOBA	spoIIAB CLH_0842
B7GKG6	SP2AB_ANOFW	spoIIAB Aflv_1003
B7H965	SP2AB_BACC4	spoIIAB BCB4264_A4183
B7HN53	SP2AB_BACC7	spoIIAB BCAH187_A4206
B7IWI6	SP2AB_BACC2	spoIIAB BCG9842_B1055
B7JLS6	SP2AB_BACC0	spoIIAB BCAH820_4095
B9E5R9	SP2AB_CLOK1	spoIIAB CKR_2793
B9IWT7	SP2AB_BACCQ	spoIIAB BCQ_3864
C0SP90	YTHA_BACSU	ythA BSU30710
C1EQU8	SP2AB_BACC3	spoIIAB BCA_4186
C3LIU0	SP2AB_BACAC	spoIIAB BAMEG_4335
C3P7L0	SP2AB_BACAA	spoIIAB BAA_4317
C5D403	SP2AB_GEOSW	spoIIAB GWCH70_2251
C9RZ55	SPL_GEOSY	splG GYMC61_0226
O05272	ASNO_BACSU	asnO yisO yucB BSU10790
O31614	PRPE_BACSU	prpE yjbP BSU11630
O31671	KIND_BACSU	kinD ykvD BSU13660
O32032	PBPI_BACSU	pbpI yrrR BSU27310
O32721	SP2AB_PAEPO	spoIIAB
O32724	SP2AB_LYSSH	spoIIAB
O34779	PRPC_BACSU	prpC yloO BSU15760
O34800	SP2SB_BACSU	spoIISB BSU12820
O34816	YKUD_BACSU	ykuD BSU14040
O34853	SP2SA_BACSU	spoIISA ykaC BSU12830
P00781	SUBD_BACLI	apr
P05516	BINA2_LYSSH	binA
P06222	RPSE_BACSU	sigE spoIIGB BSU15320
P06533	SINR_BACSU	sinR flaD sin BSU24610
P06535	SP0B_BACSU	spo0B spo0D BSU27930
P06628	SP0F_BACSU	spo0F BSU37130
P07373	SP5E_BACSU	spoVE BSU15210
P07518	SUBT_BACPU	apr
P08874	ABRB_BACSU	abrB cpsX BSU00370
P0A379	CR3AA_BACTT	cry3Aa bt13 cry3A cryC cryIIIa cryIIIA(a)
P0A381	CR3AA_BACTD	cry3Aa bt13 cry3A cryC cryIIIa cryIIIA(a)
P0A3V1	SLEB_BACCE	sleB
P0DPJ9	SLEL_BACAN	sleL BAS3402
P10565	BINB1_LYSSH	binB sph04
P10727	SP2AA_BACSU	spoIIAA BSU23470
P11065	HPR_BACSU	hpr catA scoC BSU09990
P12254	RPSK_BACSU	sigK cisB spoIIIC spoIVCB BSU25760/BSU26390
P13243	ALF_BACSU	fbaA fba fba1 orfY-tsr BSU37120
P16497	KINA_BACSU	kinA gsiC scoD spoIIF spoIIJ BSU13990
P18568	BINB2_LYSSH	binB sph04
P19638	UDPK_BACSU	dgkA dgk yqxF BSU25310
P19940	RPSG_BACSU	sigG spoIIIG BSU15330
P21158	CSGA_MYXXA	csgA spoC
P24136	OPPD_BACSU	oppD spo0KD BSU11460
P24137	OPPF_BACSU	oppF spo0KE BSU11470
P24138	OPPB_BACSU	oppB spo0KB BSU11440
P24139	OPPC_BACSU	oppC spo0KC BSU11450
P26497	SP0J_BACSU	spo0J parB BSU40960
P26778	SP2AB_BACLI	spoIIAB
P26902	DPPA_BACSU	dppA dciAA BSU12920
P26936	SP4FA_BACSU	spoIVFA bofB BSU27980
P27206	SRFAA_BACSU	srfAA srfA srfA1 BSU03480
P28264	FTSA_BACSU	ftsA BSU15280
P29599	SUBB_LEDLE	NA
P29600	SUBS_LEDLE	NA
P31114	HEPS2_BACSU	hepT gerC3 gerCC hepB BSU22740
P35148	SP2AB_PRIMG	spoIIAB
P35150	DACB_BACSU	dacB BSU23190
P37531	SLEL_BACSU	sleL yaaH BSU00160
P37554	SPOVT_BACSU	spoVT yabL BSU00560
P37873	SP2M_BACSU	spoIIM BSU23530
P39620	GERQ_BACSU	gerQ ywdL BSU37920 ipa-62r
P39764	KINC_BACSU	kinC mskA ssb BSU14490
P42089	CGEA_BACSU	cgeA cgeAA BSU19780
P42234	CATE_BACSU	katE katB BSU39050 N15D
P45707	SIRA_BACSU	sirA orf148 pcfA yneE yoxF BSU17900
P45858	MMGD_BACSU	mmgD yqiO BSU24140
P49782	SP3AE_BACSU	spoIIIAE BSU24390
P52934	SP0A_GEOSE	spo0A
P54450	CWLH_BACSU	cwlH yqeE BSU25710
P59623	SP2AB_CLOTE	spoIIAB CTC_02247
P59624	SP2AB_PASPE	spoIIAB
P60495	PXPB_BACSU	pxpB kipI ycsJ BSU04080
P70878	SP2AB_HEYCO	spoIIAB
P70962	RAPB_BACSU	rapB spo0P ywmE BSU36690
Q03524	SP5D_BACSU	spoVD BSU15170
Q04747	SRFAB_BACSU	srfAB comL srfA2 BSU03490
Q04809	DPAA_BACSU	dpaA spoVFA BSU16730 orfY
Q05523	DACA_GEOSE	dacA
Q06117	CR3BB_BACTU	cry3Bb cryIIIB(b) cryIIIb2
Q08352	DHA_BACSU	ald ski22 spoVN BSU31930
Q08787	SRFAC_BACSU	srfAC srfA3 BSU03510
Q08788	SRFAD_BACSU	srfAD srfA4 BSU03520
Q0SRC7	SP2AB_CLOPS	spoIIAB CPR_2021
Q0TNR1	SP2AB_CLOP1	spoIIAB CPF_2306
Q45757	CR6AA_BACTU	cry6Aa cryVIa cryVIA(a)
Q5KXJ2	SP2AB_GEOKA	spoIIAB GK2309
Q5WH26	SP2AB_SHOC1	spoIIAB ABC1794
Q635K7	SP2AB_BACCZ	spoIIAB BCE33L3830
Q65HU3	SP2AB_BACLD	spoIIAB BLi02496 BL00777
Q6HE93	SP2AB_BACHK	spoIIAB BT9727_3814
Q731M3	SP2AB_BACC1	spoIIAB BCE_4143
Q7AKN0	WHIB_STRCO	whiB whiB2 SCO3034
Q7WY62	SDA_BACSU	sda BSU25690
Q7WY77	PXPC_BACSU	pxpC kipA BSU04090
Q819B3	SP2AB_BACCR	spoIIAB BC_4073
Q81MF4	SP2AB_BACAN	spoIIAB BA_4295 GBAA_4295 BAS3984
Q81SW4	SP4A_BACAN	spoIVA BA_1530 BAS1419 GBAA_1530
Q8EQ73	SP2AB_OCEIH	spoIIAB OB1840
Q8RAA8	SP2AB_CALS4	spoIIAB TTE1316
Q8XIR5	SP2AB_CLOPE	spoIIAB CPE2049
Q97GQ9	SP2AB_CLOAB	spoIIAB CA_C2307
Q97L63	SPLB_CLOAB	splB CA_C0699
Q99027	COMP_BACSU	comP BSU31690
Q9K2S2	MRPA_BACSU	mrpA ntrA shaA yufT BSU31600
Q9K3E4	SLEL_BACCE	sleL
Q9KCN2	SP2AB_HALH5	spoIIAB BH1537
Q9KI10	GERN_BACCE	gerN
Q9RNV1	FTSK_SPOUR	ftsK spoIIIE
A0A2K4Z9G8	COMPA_BACSU	cmpA BSU_04785
A0RKS4	GPMI_BACAH	gpmI BALH_4628
A7GUR8	GPMI_BACCN	gpmI Bcer98_3679
A7Z8Y2	GPMI_BACVZ	gpmI RBAM_031270
A8FHJ1	GPMI_BACP2	gpmI BPUM_3054
C0H3P8	YTRH_BACSU	ytrH spoVIGA BSU29239
C0H3Y2	SSCA_BACSU	sscA yhzE BSU09958
C0SP79	YTAF_BACSU	ytaF BSU29070
D5DNA8	GPMI_PRIM3	gpmI pgm BMD_5035
D5DQW6	SP2G_PRIM1	spoIIGA BMQ_4271
D5DVF4	GPMI_PRIM1	gpmI pgm BMQ_5047
L8EBJ9	MCIZ_BACSU	mciZ BSU_23616
O05102	C17AA_PARBF	cry17Aa cbm72 cryXVIIA(a)
O05231	KAPD_BACSU	kapD yugB BSU31470
O05391	BOFC_BACSU	bofC BSU27750
O05495	YDHD_BACSU	ydhD BSU05710
O06014	CR9DA_BACTP	cry9Da cryIXD(a)
O07545	YHED_BACSU	yheD BSU09770
O07634	YLAJ_BACSU	ylaJ BSU14800
O31510	YEEK_BACSU	yeeK BSU06850
O31625	SPVIF_BACSU	spoVIF yjcC BSU11810
O31661	KINE_BACSU	kinE ykrQ BSU13530
O31687	STOA_BACSU	stoA spoIVH BSU13840
O31773	PBPX_BACSU	pbpX BSU16950
O31982	BLYA_BACSU	blyA yomC BSU21410
O32025	PHRE_BACSU	phrE BSU25840
O32062	SAFA_BACSU	safA yrbA BSU27840
O32130	LYTH_BACSU	lytH yunA yutA BSU32340
O32230	SSRP_BACSU	smpB yvaI BSU33600
O32307	C19AA_BACTJ	cry19Aa cryXIXA(a)
O32321	C20AA_BACUF	cry20Aa cryXXA(a)
O34391	XLYB_BACSU	xlyB yjpB BSU12460
O34549	GERR_BACSU	gerR ylbO BSU15090
O34752	LGT_BACSU	lgt gerF BSU34990
O66377	CR1FB_BACTM	cry1Fb cryIF(b) cryINA67-1
O85805	CR1BE_BACTU	cry1Be 158C2B cryIB(e)
O86170	C19BA_BACUH	cry19Ba cryXIXB(a)
O87404	CR1IC_BACTU	cry1Ic cryII(c)
O87905	C24AA_BACTJ	cry24Aa cryXXIVA(a)
O87906	C25AA_BACTJ	cry25Aa cryXXVA(a)
P00783	SUBT_BACSA	apr
P02959	SASA_PRIMG	sasP-A
P02960	SASC_PRIMG	sasP-C
P02961	SASG_PRIMG	sasP-B
P02964	RPSH_BACLI	sigH spo0H
P02966	DESS_MYXXA	tps
P04833	SSPD_BACSU	sspD BSU13470
P05068	CR1AC_BACTK	cry1Ac cry1A(c) cry218 cryIA(c)
P06653	ALYS_STRPN	lytA SP_1937
P07784	SSPE_BACSU	sspE BSU08660
P07999	DHGB_PRIMG	gdhB
P09662	C10AA_BACTI	cry10Aa cryIVc cryXA(a)
P0A366	CR1AA_BACTK	cry1Aa cry-1-1 cry1A(a) cryA crybns3-1 cryIA(a) icp
P0A367	CR1AA_BACTA	cry1Aa cry-1-1 cry1A(a) cryA crybns3-1 cryIA(a) icp
P0A368	CR1AA_BACTE	cry1Aa cry-1-1 cry1A(a) cryA crybns3-1 cryIA(a) icp
P0A369	CR1AA_BACTS	cry1Aa cry-1-1 cry1A(a) cryA crybns3-1 cryIA(a) icp
P0A370	CR1AB_BACTK	cry1Ab bt2 cry-1-2 cry1A(b) cryIA(b) cryIC1
P0A371	CR1AB_BACTB	cry1Ab bt2 cry-1-2 cry1A(b) cryIA(b) cryIC1
P0A372	CR1AB_BACTA	cry1Ab bt2 cry-1-2 cry1A(b) cryIA(b) cryIC1
P0A373	CR1BA_BACTK	cry1Ba cryA4 cryIB(a)
P0A375	CR1CA_BACTE	cry1Ca cryIC cryIC(a)
P0A376	CR1CA_BACTA	cry1Ca cryIC cryIC(a)
P0A377	CR2AA_BACTK	cry2Aa cryB1 cryII cryIIA(a)
P0A380	CR3AA_BACTM	cry3Aa bt13 cry3A cryC cryIIIa cryIIIA(a)
P0A382	CT1AA_BACTI	cyt1Aa cytA
P0A4I3	SP0A_BACCR	spo0A BC_4170
P0A4I4	SP0A_BACTU	spo0A
P0CY50	COMX_BACIU	comX
P12310	DHG_BACSU	gdh BSU03930
P12963	BINA3_LYSSH	binA
P12964	BINB3_LYSSH	binB sph04
P14016	COTE_BACSU	cotE BSU17030
P14892	CWLA_BACSP	cwlA
P15378	LEP4_BACSU	comC BSU28070
P16449	KBAA_BACSU	kbaA ybaM ybxC BSU01560
P16480	CR4AA_BACTI	cry4Aa cryIVA(a) isrH4
P17531	RPOD_MYXXA	rpoD asgC sigA
P17557	DHA_GEOSE	ald
P17869	RPSH_BACSU	sigH spo0H BSU00980
P17969	CR3BA_BACTO	cry3Ba cryIIIb cryIIIB(a)
P19415	CR1DA_BACTA	cry1Da bt4 cryID cryID(a)
P19471	SP15_STRGR	NA
P21254	CR2AB_BACTK	cry2Ab cryB2 cryIIA(b)
P21256	C11AA_BACTI	cry11Aa cryD cryIVd cryXIA(a)
P21886	SAS1_CLOPE	sspC1 ssp2 CPE2064
P21887	SAS2_CLOPE	sspC2 ssp3 CPE1423
P24282	BOFA_BACSU	bofA BSU00230
P24556	LYTA_STAAU	lytA
P24808	CWLA_BACSU	cwlA BSU25900
P26904	DPPC_BACSU	dppC dciAC BSU12940
P26905	DPPD_BACSU	dppD dciAD BSU12950
P26906	DPPE_BACSU	dppE dciAE BSU12960
P28842	SUBT_BACS9	sub1
P29142	SUBT_GEOSE	aprJ
P31112	HEPS1_BACSU	hepS gerC1 gerCA hepA BSU22760
P32959	PBPE_BACSU	pbpE BSU34440
P37466	VEG_BACSU	veg BSU00440
P37548	YABG_BACSU	yabG BSU00430
P37553	FIN_BACSU	fin subA yabK BSU00540
P37558	YABP_BACSU	yabP BSU00600
P37559	YABQ_BACSU	yabQ BSU00610
P37575	SP2B_BACSU	spoIIB BSU28060
P37958	MECA1_BACSU	mecA BSU11520
P37963	SP6D_BACSU	spoVID BSU28110
P38490	YPEB_BACSU	ypeB joeB yzuA BSU22920
P38586	DEVT_MYXXD	devT cas8a1 MXAN_7263
P39043	DPP6_LYSSH	NA
P39482	DHG1_PRIMG	gdhI
P39603	YWCE_BACSU	ywcE BSU38130 ipa-41r
P39650	RSFA_BACSU	rsfA ywfN BSU37620 ipa-92r
P39800	XLYA_BACSU	xlyA BSU12810
P40746	TGL_BACSU	tgl yugV yuxF BSU31270
P41371	SAS0_CLOPE	ssp1 CPE2161
P42012	SP0A_LYSSH	spo0A
P42061	APPA_BACSU	appA BSU11381/BSU11382 BSU11380
P42064	APPD_BACSU	appD BSU11360
P42065	APPF_BACSU	appF BSU11370
P42249	CWLJ_BACSU	cwlJ ycbQ BSU02600
P42969	LIPC_BACSU	lipC ycsK BSU04110
P42983	NUCB_BACSU	nucB BSU25750
P45706	CCDA_BACSU	ccdA BSU17930
P45855	THL_BACSU	mmgA yqiL BSU24170
P45856	HBD_BACSU	mmgB yqiM BSU24160
P45859	MMGE_BACSU	mmgE prpD yqiP BSU24130
P45870	RACA_BACSU	racA ywkC BSU37030
P45943	RAPE_BACSU	rapE yqcH BSU25830
P49600	SP2E_PRIMG	spoIIE
P49785	SP3AH_BACSU	spoIIIAH BSU24360
P50739	SLEB_BACSU	sleB ypeA BSU22930
P50865	PDAB_BACSU	pdaB ybaN ybxG BSU01570
P52928	SP0A_BACAN	spo0A BA_4394 GBAA_4394 BAS4076
P52929	SP0A_BREPA	spo0A
P52931	SP0A_NIACI	spo0A
P52932	SP0A_PRIMG	spo0A
P52933	SP0A_BACPU	spo0A
P52936	SP0A_CLOB8	spo0A Cbei_1712
P52938	SP0A_CLODI	spo0A
P52939	SP0A_CLOIN	spo0A
P52940	SP0A_CLOPA	spo0A
P52941	SP0A_MOOTA	spo0A Moth_1505
P52942	SP0F_BACTK	spo0F
P54598	YHCN_BACSU	yhcN BSU09150
P55339	ECSA_BACSU	ecsA prsT yhaD BSU10040
P55340	ECSB_BACSU	ecsB prsT yhaC BSU10050
P56953	CR1CB_BACTG	cry1Cb cryIC(b)
P56955	CR5AC_BACTU	cry5Ac cryVA(c)
P56956	C21AA_BACTU	cry21Aa cryXXIA(a)
P58253	SP0A_CLOAB	spo0A CA_C2071
P59174	GPMI_OCEIH	gpmI pgm OB2435
P62179	RP35_BACTK	sigE
P62181	RP28_BACTK	sigK
P71031	SSPO_BACSU	sspO cotK BSU17990
P71044	SP2Q_BACSU	spoIIQ ywnI BSU36550
P71073	ADER_BACSU	adeR yukF BSU31920
P84583	SAS1_BACIU	NA
P84584	SAS2_BACIU	NA
P84585	SASG_BACIU	NA
P96315	CR1AF_BACTU	cry1Af cryIA(f) icp
Q03415	ENP1_LYSSH	NA
Q03744	CR1AD_BACTA	cry1Ad cryIA(d)
Q03745	CR1EB_BACTA	cry1Eb cryIE(b)
Q03746	CR1FA_BACTA	cry1Fa cryIF cryIF(a)
Q03748	CR1AE_BACTL	cry1Ae cryIA(e) endI
Q03749	CR7AA_BACTU	cry7Aa cryIIIc cryVIIA(a)
Q04470	CT2AA_BACTY	cyt2Aa1 cytB
Q04810	DPAB_BACSU	dpaB spoVFB BSU16740 orfX
Q07765	DEVR_MYXXD	devR cas7 MXAN_7262
Q07766	DEVS_MYXXD	devS cas5 MXAN_7261
Q08430	KINB_BACSU	kinB BSU31450
Q182S9	YICC_CLOD6	CD630_25890
Q2JDA6	SSGB_FRACC	ssgB Francci3_1359
Q45058	COTM_BACSU	cotM yneL BSU17970
Q45358	C18AA_PAEPP	cry18Aa cryBP1 cryXVIIIA(a)
Q45535	COTH_BACSU	cotH ywrH BSU36060
Q45704	CR8AA_BACUK	cry8Aa cryVIIIA(a)
Q45705	CR8BA_BACUK	cry8Ba 50C(b) cryVIIIB(a)
Q45706	CR8CA_BACTP	cry8Ca cryIII cryVIIIC(a)
Q45707	CR7AB_BACUA	cry7Ab cryVIIA(b)
Q45708	CR7AB_BACUK	cry7Ab cryVIIA(b)
Q45709	CR1IB_BACTE	cry1Ib cryII(b) cryV cryV465
Q45712	CR5BA_BACTU	cry5Ba cryVB(a)
Q45715	CR1KA_BACTM	cry1Ka cry1K cryIK(a)
Q45716	CR1JB_BACTU	cry1Jb cryET1 cryIJ(b)
Q45718	CR1HB_BACTM	cry1Hb cryIH(b)
Q45730	C11BA_BACTJ	cry11Ba cry11B cryXIB(a)
Q45733	CR9CA_BACTO	cry9Ca cryIXC(a)
Q45738	CR1JA_BACTU	cry1Ja cryET4 cryIJ(a)
Q45739	CR1BB_BACTU	cry1Bb cryET5 cryIB(b)
Q45743	CR2AC_BACTU	cry2Ac cryIIA(c) cryIIc
Q45744	CR3CA_BACTK	cry3Ca cryIIIC(a) cryIIId
Q45746	CR1GA_BACTU	cry1Ga cryIG(a)
Q45747	CR1DB_BACTU	cry1Db cryID(b)
Q45748	CR1HA_BACTU	cry1Ha cryIH(a)
Q45752	CR1IA_BACTK	cry1Ia CGCryV cryII(a) cryV cryV1
Q45753	CR5AB_BACUD	cry5Ab cryVA cryVA(b)
Q45754	C12AA_BACTU	cry12Aa cryVB cryXIIA(a)
Q45755	C13AA_BACTU	cry13Aa cryVC cryXIIIA(a)
Q45760	CR5AA_BACUD	cry5Aa cryVA cryVA(a)
Q45774	CR1BC_BACTM	cry1Bc cryIB(c) cryIBc
Q45882	C16AA_PARBF	cry16Aa cbm71 cryXVIA(a)
Q47N25	SSGB_THEFY	ssgB Tfu_2111
Q57458	CR1EA_BACTX	cry1Ea bt11 btxI cryIC(b) cryIE(a)
Q5KVB2	RACA_GEOKA	racA GK3089
Q5WC42	YKUD_SHOC1	ABC3535
Q5WDK8	GPMI_SHOC1	gpmI pgm ABC3018
Q631M1	GPMI_BACCZ	gpmI BCE33L4825
Q65DU9	RACA_BACLD	racA BLi03951 BL04032
Q65EN1	GPMI_BACLD	gpmI pgm BLi03662 BL03467
Q65K99	YKUD_BACLD	BLi01617 BL03652
Q6B4J5	EXSA_BACCE	exsA
Q6HBF2	GPMI_BACHK	gpmI BT9727_4815
Q72XY4	GPMI_BACC1	gpmI gpmA BCE_5239
Q815K7	GPMI_BACCR	gpmI BC_5136
Q81DD1	SP2SA_BACCR	spoIISA BC_2436
Q81QD6	SP2SA_BACAN	spoIISA BA_2490 GBAA_2490
Q8CX61	DHA_OCEIH	ald OB3225
Q939S9	C35AB_BACTU	NA
Q939T0	C34AB_BACTU	NA
Q99031	CR9AA_BACTG	cry9Aa cryIG cryIVA(a)
Q9K716	GPMI_HALH5	gpmI pgm BH3557
Q9RMG3	CR2AD_BACTU	cry2Ad cry2 cryIIA(d)
Q9S515	CR1AG_BACTU	cry1Ag cry1 cryIA(g)
Q9S597	C27AA_BACUH	cry27Aa cryXXVIIA(a)
Q9X597	C26AA_BACTF	cry26Aa cry26Aa1 cryXXVIA(a)
Q9X682	C28AA_BACTF	cry28Aa cryXXVIIIA(a)
Q9XDL1	CR1ID_BACTU	cry1Id cryII(d) NRcryV
Q9ZAZ5	CR1BD_BACTZ	cry1Bd cryE1 cryIB(d) cryLA1
Q9ZAZ6	CR1GB_BACTZ	cry1Gb cryH2 cryIG(b)
Q9ZIU5	C11BB_BACTV	cry11Bb cryXIB(b)
Q9ZNL9	CR9EA_BACTA	cry9Ea cryIXE(a)
A0RAQ6	HPR_BACAH	hpr BALH_0933
A0RHX9	TGL_BACAH	tgl BALH_3589
A4FB46	SSGB_SACEN	ssgB SACE_1961
A4IKI9	SSPK_GEOTN	sspK GTNG_0461
A4IKT9	HPR_GEOTN	hpr GTNG_0561
A4IMM1	SSPP_GEOTN	sspP GTNG_1203
A4IMM3	SSPO_GEOTN	sspO GTNG_1205
A4IN31	SSPH1_GEOTN	sspH1 GTNG_1365
A4IN74	SSPN_GEOTN	sspN GTNG_1408
A4IN75	TLP_GEOTN	tlp GTNG_1409
A4IPX4	SSPH2_GEOTN	sspH2 GTNG_2026
A4ISB5	SSPH3_GEOTN	sspH3 GTNG_2874
A4X5B6	SSGB_SALTO	ssgB Strop_1600
A6TQ57	SSPH_ALKMQ	sspH Amet_2166
A6WCJ4	SSGB_KINRD	ssgB Krad_3069
A7GJW0	SP5G_BACCN	spoVG Bcer98_0043
A7GKY7	SSPK_BACCN	sspK Bcer98_0440
A7GL73	SSPH1_BACCN	sspH1 Bcer98_0530
A7GLZ1	HPR_BACCN	hpr Bcer98_0812
A7GNL0	SSPH2_BACCN	sspH2 Bcer98_1397
A7GQU9	SSPN_BACCN	sspN Bcer98_2258
A7GQV6	SSPO_BACCN	sspO Bcer98_2265
A7GQV9	SSPP_BACCN	sspP Bcer98_2268
A7GRZ1	TGL_BACCN	tgl Bcer98_2665
A7Z0H2	SP5G_BACVZ	spoVG RBAM_000580
A7Z2J3	SSPH_BACVZ	sspH RBAM_008350
A7Z2M2	SSPK_BACVZ	sspK RBAM_008640
A7Z311	HPR_BACVZ	hpr RBAM_010230
A7Z565	SSPP_BACVZ	sspP RBAM_017780
A7Z566	SSPO_BACVZ	sspO RBAM_017790
A7Z570	SSPN_BACVZ	sspN RBAM_017830
A7Z571	TLP_BACVZ	tlp RBAM_017840
A8F916	SP5G_BACP2	spoVG BPUM_0033
A8FB65	SSPK_BACP2	sspK BPUM_0798
A8FBL1	HPR_BACP2	hpr BPUM_0944
A8FDQ8	SSPP_BACP2	sspP BPUM_1697
A8FDQ9	SSPO_BACP2	sspO BPUM_1698
A8FDR3	SSPN_BACP2	sspN BPUM_1702
A8FGT0	TGL_BACP2	tgl BPUM_2792
A9VI69	HPR_BACMK	hpr BcerKBAB4_0960
A9VN61	SP5G_BACMK	spoVG BcerKBAB4_0043
A9VNW3	SSPO_BACMK	sspO BcerKBAB4_3303
A9VSR6	SSPK_BACMK	sspK BcerKBAB4_0436
A9VUC4	TGL_BACMK	tgl BcerKBAB4_3789
B1HVK6	HPR_LYSSC	hpr Bsph_0398
B1YK88	HPR_EXIS2	hpr Exig_0688
B7GI77	SSPO_ANOFW	sspO Aflv_1493
B7GKT2	SSPN_ANOFW	sspN Aflv_1370
B7H546	RACA_BACC4	racA BCB4264_A2269
B7H6V0	TGL_BACC4	tgl BCB4264_A4066
B7H9R2	SSPK_BACC4	sspK BCB4264_A0522
B7HAY1	SSPN_BACC4	sspN BCB4264_A3717
B7HC95	SSPO_BACC4	sspO BCB4264_A3725
B7HG19	HPR_BACC4	hpr BCB4264_A1081
B7HIL6	SP5G_BACC4	spoVG BCB4264_A0053
B7HME8	TGL_BACC7	tgl BCAH187_A4082
B7HPV9	SP5G_BACC7	spoVG BCAH187_A0057
B7HQ80	RACA_BACC7	racA BCAH187_A2396
B7HU54	SSPK_BACC7	sspK BCAH187_A0575
B7HZH8	HPR_BACC7	hpr BCAH187_A1210
B7I057	SSPN_BACC7	sspN BCAH187_A3635
B7I063	SSPO_BACC7	sspO BCAH187_A3641
B7IKC1	HPR_BACC2	hpr BCG9842_B4223
B7IRQ5	SSPN_BACC2	sspN BCG9842_B1599
B7ISF6	SSPO_BACC2	sspO BCG9842_B1592
B7ISV8	SP5G_BACC2	spoVG BCG9842_B5263
B7IVK0	TGL_BACC2	tgl BCG9842_B1174
B7IW10	SSPK_BACC2	sspK BCG9842_B4802
B7JCX5	HPR_BACC0	hpr BCAH820_1122
B7JI38	SSPN_BACC0	sspN BCAH820_3620
B7JI46	SSPO_BACC0	sspO BCAH820_3628
B7JK55	SP5G_BACC0	spoVG BCAH820_0054
B7JKT7	TGL_BACC0	tgl BCAH820_3978
B7JML4	RACA_BACC0	racA BCAH820_2312
B7JNF2	SSPK_BACC0	sspK BCAH820_0500
B9IT66	HPR_BACCQ	hpr BCQ_1118
B9IUC1	SSPN_BACCQ	sspN BCQ_3403
B9IUC7	SSPO_BACCQ	sspO BCQ_3409
B9IW43	TGL_BACCQ	tgl BCQ_3752
B9IZT9	RACA_BACCQ	racA BCQ_2223
B9J2V0	SSPK_BACCQ	sspK BCQ_0547
C0H3Y8	YJCZ_BACSU	yjcZ BSU11809
C0SPA3	YLXW_BACSU	ylxW BSU15250
C1EKG1	HPR_BACC3	hpr BCA_1081
C1EN49	SSPN_BACC3	sspN BCA_3702
C1EN57	SSPO_BACC3	sspO BCA_3710
C1EPX7	TGL_BACC3	tgl BCA_4068
C1ESX8	SP5G_BACC3	spoVG BCA_0058
C1ETF1	RACA_BACC3	racA BCA_2368
C1EWF4	SSPK_BACC3	sspK BCA_0538
C3L9B6	SSPO_BACAC	sspO BAMEG_0956
C3L9C4	SSPN_BACAC	sspN BAMEG_0964
C3LCW8	HPR_BACAC	hpr BAMEG_3528
C3LHB3	SSPK_BACAC	sspK BAMEG_4087
C3LI29	TGL_BACAC	tgl BAMEG_4216
C3LJ21	SP5G_BACAC	spoVG BAMEG_0058
C3LJH8	RACA_BACAC	racA BAMEG_2307
C3P2U9	HPR_BACAA	hpr BAA_1136
C3P450	SSPN_BACAA	sspN BAA_3698
C3P458	SSPO_BACAA	sspO BAA_3706
C3P6X0	TGL_BACAA	tgl BAA_4198
C3P8Z9	RACA_BACAA	racA BAA_2351
C3P9J4	SP5G_BACAA	spoVG BAA_0058
C3PCY0	SSPK_BACAA	sspK BAA_0580
C5D2I2	SSPN_GEOSW	sspN GWCH70_1888
C5D5S3	SSPK_GEOSW	sspK GWCH70_0460
C5D6L6	HPR_GEOSW	hpr GWCH70_0640
C5D9Z3	SSPP_GEOSW	sspP GWCH70_1254
L8EBJ6	SSCB_BACSU	sscB BSU_09959
O06716	GERPF_BACSU	gerPF yisC BSU10670
O06717	GERPE_BACSU	gerPE yisD BSU10680
O06718	GERPD_BACSU	gerPD yisE BSU10690
O06719	GERPC_BACSU	gerPC yisF BSU10700
O06720	GERPB_BACSU	gerPB yisG BSU10710
O06721	GERPA_BACSU	gerPA yisH BSU10720
O06722	YISI_BACSU	yisI BSU10730
O06996	COTR_BACSU	cotR yvdO BSU34530
O06997	YVDP_BACSU	yvdP BSU34520
O07520	YHAL_BACSU	yhaL BSU09940
O07544	YHEC_BACSU	yheC BSU09780
O31552	SSPH_BACSU	sspH yfjU BSU08110
O31622	COTO_BACSU	cotO yjbX BSU11730
O31623	YJCA_BACSU	yjcA BSU11790
O31681	YKVP_BACSU	ykvP BSU13780
O31700	CSE15_BACSU	cse15 yknT BSU14250
O31725	YLMC_BACSU	ylmC BSU15360
O31809	YNDE_BACSU	yndE BSU17760
O31810	YNDF_BACSU	yndF BSU17770
O31819	YNZD_BACSU	ynzD BSU17920
O32123	YUTH_BACSU	yutH BSU32270
O32131	YUNB_BACSU	yunB BSU32350
O32322	CT2BB_BACTJ	cyt2Bb1
O32720	SP2AA_PAEPO	spoIIAA
O32723	SP2AA_LYSSH	spoIIAA
O32726	SP2AA_GEOSE	spoIIAA
O34412	YLBF_BACSU	ylbF BSU14990
O34505	YTHB_BACSU	ythB BSU30720
O34573	YFKT_BACSU	yfkT BSU07760
O34656	COTI_BACSU	cotI ytaA BSU30920
O34765	YLBJ_BACSU	ylbJ BSU15030
O34806	YTFJ_BACSU	ytfJ BSU29500
O35028	YFKR_BACSU	yfkR BSU07780
O66042	MECA_ALKPO	mecA BpOF4_01905
O68685	GERPC_BACCE	gerPC
O68687	GERPE_BACCE	gerPE
O85467	GERIA_BACCE	gerIA
P02958	SSPC_BACSU	sspC BSU19950
P02967	DEST_MYXXA	ops
P04831	SSPA_BACSU	sspA BSU29570
P04832	SSPB_BACSU	sspB BSU09750
P04834	SAS4_PRIMG	SASP-C4
P04835	SAS5_PRIMG	SASP-C5
P06552	SAS1_GEOSE	sasP-1
P06553	SAS1_LACSH	sasP-1
P07372	SP2D_BACSU	spoIID spoIIC BSU36750
P07785	SSPE_GEOSE	sspE
P07786	SASG_LACSH	NA
P07787	SASG_BACCE	NA
P07868	GERAA_BACSU	gerAA gerA1 BSU33050
P07869	GERAB_BACSU	gerAB gerA2 BSU33060
P07870	GERAC_BACSU	gerAC gerA3 BSU33070
P0A374	CR1BA_BACTE	cry1Ba cryA4 cryIB(a)
P0A378	CR2AA_BACTX	cry2Aa cryB1 cryII cryIIA(a)
P0A383	CT1AA_BACTM	cyt1Aa cytA
P0A3T7	GERPB_BACCE	gerPB
P0A3T9	GERPD_BACCE	gerPD
P0A3V0	SLEB_BACCR	sleB BC_2753
P0A4F2	SAS1_BACCR	sasP-1 BC_3091
P0A4F3	SAS1_BACCE	sasP-1
P0A4F4	SAS2_BACCR	sasP-2 BC_4646
P0A4F5	SAS2_BACCE	sasP-2
P0A4F6	SSPF_BACCR	sspF BC_0049
P0A4F7	SSPF_BACCE	sspF
P10570	SAS1_PRIMG	SASP-C1
P10571	SAS2_PRIMG	SASP-C2
P10572	SAS3_PRIMG	SASP-C3
P11470	GERE_BACSU	gerE BSU28410
P11863	COTT_BACSU	cotT BSU12090
P12690	SAPA_STRCO	sapA SCO0409 SCF51.08c
P13251	SP2D_BACAM	spoIID
P15281	SP3D_BACSU	spoIIID BSU36420
P16450	GERD_BACSU	gerD BSU01550
P21341	PAIB_BACSU	paiB yumE BSU32140
P22065	SAS1_PARBF	NA
P22066	SAS2_PARBF	NA
P23261	COTF_BACSU	cotF BSU40530
P26764	RPSF_BACLI	sigF spoIIAC
P26767	SP2G_BACTK	NA
P26777	SP2AA_BACLI	spoIIAA
P26903	DPPB_BACSU	dppB dciAB BSU12930
P27643	SP5K_BACSU	spoVK spoVJ BSU17420
P27755	PRU_MYXXA	pru
P28015	SP5G_BACSU	spoVG BSU00490
P28016	SP5G_PRIMG	spoVG
P31845	SP5AF_BACSU	spoVAF BSU23390
P33657	RPSE_CLOAB	sigE spoIIGB CA_C1695
P33658	RPSG_CLOAB	sigG CA_C1696
P35142	SASG_ALKPO	sspA BpOF4_10780
P35145	RPSF_PRIMG	sigF spoIIAC
P35147	SP2AA_PRIMG	spoIIAA
P35157	SPMA_BACSU	spmA ypuJ BSU23180
P35158	SPMB_BACSU	spmB ypuK BSU23170
P37541	YAAT_BACSU	yaaT BSU00320
P37549	SSPF_BACSU	sspF BSU00450
P37875	SP5R_BACSU	spoVR BSU09400
P39066	ACUB_BACSU	acuB BSU29700
P39067	ACUC_BACSU	acuC BSU29710
P39072	GERM_BACSU	gerM BSU28380
P39569	GERBA_BACSU	gerBA BSU35800
P39570	GERBB_BACSU	gerBB BSU35810
P39571	GERBC_BACSU	gerBC BSU35820
P39801	COTG_BACSU	cotG BSU36070
P40419	GLCU_PRIMG	glcU
P40420	GLCU_BACSU	glcU ycxE BSU03920
P40866	SP5AA_BACSU	spoVAA BSU23440
P40869	SP5AD_BACSU	spoVAD BSU23410
P41028	SP4_PRIM3	spoIV BMD_4540
P42062	APPB_BACSU	appB BSU11390
P42063	APPC_BACSU	appC BSU11400
P45693	SP5S_BACSU	spoVS BSU16980
P45857	ACDB_BACSU	mmgC yqiN BSU24150
P46914	COTS_BACSU	cotS BSU30900
P46915	COTSA_BACSU	cotSA ytbA ytxN BSU30910
P49784	SP3AG_BACSU	spoIIIAG BSU24370
P49939	GERKA_BACSU	gerKA BSU03700
P49940	GERKB_BACSU	gerKB BSU03720
P49941	GERKC_BACSU	gerKC BSU03710
P50734	MECA2_BACSU	mecB ypbH BSU22970
P52930	SP0A_BACCE	spo0A
P52937	SP0A_CLOBU	spo0A
P52968	SAS1_SPOUR	Su-1
P52969	SAS2_SPOUR	Su-2
P52971	SSPF_PRIM1	sspF BMQ_0064
P54601	YHCQ_BACSU	yhcQ BSU09180
P56957	C22AA_BACTU	cry22Aa cryXXIIA(a)
P57091	C18BA_PAEPP	cry18Ba cryXVIIIB(a)
P57092	C18CA_PAEPP	cry18Ca cryXVIIIC(a)
P59104	CWLJ_OCEIH	cwlJ OB3024
P59105	SLEB_OCEIH	sleB OB1806
P62164	GERPA_BACAN	gerPA BA_1149 GBAA_1149 BAS1068
P62165	GERPA_BACCE	gerPA
P62177	RP35_BACAN	sigE BA_4043 GBAA_4043 BAS3755
P62178	RP35_BACCR	sigE BC_3904
P62180	RP28_BACCR	sigK BC_4336
P62182	RP28_BACAN	sigK BA_4566 GBAA_4566 BAS4236
P62183	GERPF_BACCE	gerPF
P62185	GERPF_BACCR	gerPF BC_1140
P62186	GERPF_BACAN	gerPF gerPF-1 BA_1144 GBAA_1144 BAS1063
P70877	SP2AA_HEYCO	spoIIAA
P71032	SSPP_BACSU	sspP cotL BSU17980
P71088	SP0M_BACSU	spo0M ygaI BSU08760
P84613	CR4AA_BACTK	NA
P94446	COXA_BACSU	coxA yrbB BSU27830
P94497	CSK22_BACSU	csk22 yobW BSU19110
P94537	SSPI_BACSU	sspI ysfA BSU28660
P94594	CT1AB_BACTV	cyt1Ab1
P96619	YDCC_BACSU	ydcC BSU04630
P96698	COTP_BACSU	cotP ydfT BSU05550
Q00213	SAS1_HALH3	Sh-1 HBHAL_2184
Q00758	SP5B_BACSU	spoVB spoIIIF BSU27670
Q06823	SP21_STIAD	hspA STAUR_4298 STIAU_6511
Q08311	COTY_BACSU	cotY BSU11750
Q08312	COTZ_BACSU	cotZ BSU11740
Q186G8	COTA_CLOD6	cotA CD630_16130 CD1613
Q18C29	COTB_CLOD6	cotB CD630_15110 CD1511
Q2J7H0	3418_FRACC	Francci3_3418
Q45060	TLP_BACSU	tlp tlpA BSU18030
Q45710	C14AA_BACTS	cry14Aa cryXIVA(a)
Q45723	CT2BA_BACTI	cyt2Ba1 cyt2Ba7 cytB
Q45729	C15AA_BACUT	cry15Aa cryXVA(a)
Q45758	CR6BA_BACTU	cry6Ba cryVIb cryVIB(a)
Q45790	CT1BA_BACTW	cyt1Ba1
Q45832	SP2G_CLOAB	spoIIGA CA_C1694
Q5KY22	SSPH1_GEOKA	sspH1 GK2129
Q5KZP1	SSPN_GEOKA	sspN GK1560
Q5KZT7	SSPH2_GEOKA	sspH2 GK1514
Q5L0A5	SSPO_GEOKA	sspO GK1346
Q5L0A7	SSPP_GEOKA	sspP GK1344
Q5L293	HPR_GEOKA	hpr GK0652
Q5L2U0	SSPK_GEOKA	sspK GK0455
Q5WAC9	SP5G_SHOC1	spoVG ABC0077
Q5WD36	TLP_SHOC1	tlp ABC3190
Q5WG37	YWCE_SHOC1	ywcE ABC2133
Q5WGB8	RACA_SHOC1	racA ABC2052
Q5WHU1	HPR_SHOC1	hpr ABC1529
Q5WIG0	SSPK_SHOC1	sspK ABC1307
Q635W3	TGL_BACCZ	tgl BCE33L3723
Q63BQ9	RACA_BACCZ	racA BCE33L2067
Q63EV6	HPR_BACCZ	hpr BCE33L0955
Q63G33	SSPH_BACCZ	sspH BCE33L0523
Q63HI5	SP5G_BACCZ	spoVG BCE33L0043
Q65DM3	YWCE_BACLD	ywcE BLi04028 BL02804
Q65FN2	TGL_BACLD	tgl BLi03298 BL02523
Q65GP2	SSPH_BACLD	sspH BLi02904 BL01146
Q65J23	TLP_BACLD	tlp BLi02051 BL02944
Q65J24	SSPN_BACLD	sspN BLi02050 BL02943
Q65J28	SSPO_BACLD	sspO BLi02046 BL05191
Q65J29	SSPP_BACLD	sspP BLi02045 BL05190
Q65LS8	HPR_BACLD	hpr BLi01078 BL02906
Q65MA1	SSPK_BACLD	sspK BLi00879 BL05073
Q65NA4	LIPC_BACLD	lipC ycsK BLi00504 BL02812
Q65PH2	SP5G_BACLD	spoVG BLi00062 BL00521
Q6HEJ9	TGL_BACHK	tgl BT9727_3708
Q6HJ78	RACA_BACHK	racA BT9727_2071
Q6HMB8	HPR_BACHK	hpr BT9727_0964
Q6HNK1	SSPH_BACHK	sspH BT9727_0523
Q6HPW9	SP5G_BACHK	spoVG BT9727_0043
Q733L9	SSPP_BACC1	sspP cotL BCE_3639
Q733M2	SSPO_BACC1	sspO cotK BCE_3636
Q733M9	SSPN_BACC1	sspN BCE_3629
Q738S2	RACA_BACC1	racA BCE_2321
Q73CB7	HPR_BACC1	hpr BCE_1149
Q73DN1	SSPH1_BACC1	sspH1 BCE_0681
Q73DY6	SSPK_BACC1	sspK BCE_0574
Q73FG0	SP5G_BACC1	spoVG BCE_0046
Q7WY58	SSPJ_BACSU	sspJ BSU33340
Q7WY59	SSPG_BACSU	sspG BSU32640
Q7WY63	ANTE_BACSU	antE BSU25220
Q7WY65	SSPM_BACSU	sspM BSU22290
Q7WY66	SSPL_BACSU	sspL BSU22000
Q7WY67	GERT_BACSU	gerT yozR BSU19490
Q7WY69	SSPN_BACSU	sspN BSU18020
Q7WY75	SSPK_BACSU	sspK BSU08550
Q813W6	HPR_BACCR	hpr BC_1047
Q819L3	TGL_BACCR	tgl BC_3963
Q81AF2	SSPP_BACCR	sspP BC_3620
Q81AF5	SSPO_BACCR	sspO BC_3617
Q81AG1	SSPN_BACCR	sspN BC_3609
Q81DD0	SP2SB_BACCR	spoIISB BC_2437
Q81DW0	RACA_BACCR	racA BC_2239
Q81FB5	SSPH2_BACCR	sspH2 BC_1679
Q81FS9	MECA2_BACCR	mecA2 BC_1490
Q81GK5	MECA1_BACCR	mecA1 BC_1190
Q81I11	SSPH1_BACCR	sspH1 BC_0614
Q81I94	SSPK_BACCR	sspK BC_0501
Q81J99	SP5G_BACCR	spoVG BC_0053
Q81JG1	HPR_BACAN	hpr BA_1045 GBAA_1045 BAS0976
Q81MS1	TGL_BACAN	tgl BA_4173 GBAA_4173 BAS3875
Q81QD4	SP2SB_BACAN	spoIISB BA_2492 GBAA_2492 BAS2315
Q81QX8	RACA_BACAN	racA BA_2287 GBAA_2287 BAS2133
Q81SD1	SSPH2_BACAN	sspH2 BA_1729 GBAA_1729 BAS1605.1
Q81SY4	MECA2_BACAN	mecA2 BA_1510 GBAA_1510 BAS1400
Q81TR3	MECA1_BACAN	mecA1 mecA BA_1203 GBAA_1203 BAS1111
Q81V87	SSPH1_BACAN	sspH1 BA_0613 GBAA_0613 BAS0579
Q81VZ2	SP5G_BACAN	spoVG BA_0047 GBAA_0047 BAS0047
Q81Y79	SSPO_BACAN	sspO cotK BA_3678 GBAA_3678 BAS3409
Q81Y87	SSPN_BACAN	sspN BA_3670 GBAA_3670 BAS3403.1
Q81YW1	SSPK_BACAN	sspK BA_0519 GBAA_0519 BAS0488.1
Q8CUT7	SSPP_OCEIH	sspP OB1020
Q8ETS4	TLP_OCEIH	tlp OB0182
Q93LK7	GERQC_BACCE	gerQC
Q93LK8	GERQB_BACCE	gerQB
Q93LK9	GERQA_BACCE	gerQA
Q93N68	GERLC_BACCE	gerLC
Q93N69	GERLB_BACCE	gerLB
Q93N70	GERLA_BACCE	gerLA
Q9K5N0	SOJ_HALH5	soj BH4058
Q9K5W7	TGL_HALH5	tgl BH3970
Q9K6A3	CWLJ_HALH5	cwlJ BH3826
Q9K8Z3	MECA2_HALH5	mecA2 BH2859
Q9KAI6	SSPP_HALH5	sspP BH2301
Q9KAI7	SSPO_HALH5	sspO BH2300
Q9KAJ2	SSPN_HALH5	sspN BH2295
Q9KAK0	TLP_HALH5	tlp BH2287
Q9KB63	YWCE_HALH5	ywcE BH2068
Q9KB75	SSPH_HALH5	sspH BH2053
Q9KC68	RACA_HALH5	racA BH1706
Q9KCE0	SLEB_HALH5	sleB BH1631
Q9KCF1	MECA1_HALH5	mecA1 BH1620
Q9KDL8	CCDA_HALH5	ccdA BH1194
Q9KDM7	HPR_HALH5	hpr BH1185
Q9KEC6	SSPK_HALH5	sspK BH0927
Q9KGJ7	SP5G_HALH5	spoVG BH0064
Q9ZFB3	GERXC_BACAN	gerXC pXO1-112 BXA0158 GBAA_pXO1_0158
Q9ZFB4	GERXA_BACAN	gerXA pXO1-113 BXA0157 GBAA_pXO1_0157
Q9ZFB5	GERXB_BACAN	gerXB pXO1-114 BXA0156 GBAA_pXO1_0156
A0RH02	TLP_BACAH	tlp BALH_3249
A3DEN2	SSPH_ACET2	sspH Cthe_1179
A5HZY2	SSPH1_CLOBH	sspH1 CBO0789 CLC_0845
A5I174	SSPH2_CLOBH	sspH2 CBO1236 CLC_1277
A6M0F0	SSPH_CLOB8	sspH Cbei_3970
A7FS46	SSPH1_CLOB1	sspH1 CLB_0831
A7FTB7	SSPH2_CLOB1	sspH2 CLB_1265
A7GBI7	SSPH1_CLOBL	sspH1 CLI_0875
A7GCS6	SSPH2_CLOBL	sspH2 CLI_1321
A7GTL2	SSPI_BACCN	sspI Bcer98_3251
A7Z7F5	SSPI_BACVZ	sspI RBAM_025730
A8FDR4	TLP_BACP2	tlp BPUM_1703
A9VJM6	SSPI_BACMK	sspI BcerKBAB4_4394
B7HAY0	TLP_BACC4	tlp BCB4264_A3716
B7HRK4	SSPI_BACC7	sspI BCAH187_A4689
B7I056	TLP_BACC7	tlp BCAH187_A3634
B7IJW2	SSPI_BACC2	sspI BCG9842_B0565
B7JI37	TLP_BACC0	tlp BCAH820_3619
B7JR69	SSPI_BACC0	sspI BCAH820_4677
B9IUC0	TLP_BACCQ	tlp BCQ_3402
B9J065	SSPI_BACCQ	sspI BCQ_4369
C0H3X8	YGZC_BACSU	ygzC BSU08779
C0H450	S5AEB_BACSU	spoVAEB BSU23402
C1EN48	TLP_BACC3	tlp BCA_3701
C1EU02	SSPI_BACC3	sspI BCA_4669
C3L8U0	SSPI_BACAC	sspI BAMEG_4836
C3L9C5	TLP_BACAC	tlp BAMEG_0965
C3P449	TLP_BACAA	tlp BAA_3697
C3PAF1	SSPI_BACAA	sspI BAA_4816
C5D2I1	TLP_GEOSW	tlp GWCH70_1887
C5D630	SSPI_GEOSW	sspI GWCH70_2652
O06010	YRAD_BACSU	yraD BSU26990
O06723	YISJ_BACSU	yisJ BSU10740
O07919	YRAG_BACSU	yraG BSU26950
O07949	YRAF_BACSU	yraF BSU26960
O31686	YKVU_BACSU	ykvU BSU13830
P06630	EAG_BACSU	eag ykvC BSU13650
P07789	COTB_BACSU	cotB BSU36050
P07790	COTC_BACSU	cotC BSU17700
P07791	COTD_BACSU	cotD BSU22200
P0A3T6	GERPB_BACCR	gerPB BC_1144
P0A3T8	GERPD_BACCR	gerPD BC_1142
P27642	SP51_BACLI	spoVAA
P37874	YGXB_BACSU	ygxB BSU09390
P37968	SP2P_BACSU	spoIIP BSU25530
P39151	SP2R_BACSU	spoIIR BSU36970 ipc-27d
P40867	SP5AB_BACSU	spoVAB BSU23430
P40868	SP5AC_BACSU	spoVAC BSU23420
P40870	S5AEA_BACSU	spoVAEA spoVAE BSU23401 BSU23400
P49780	SP3AC_BACSU	spoIIIAC BSU24410
P49781	SP3AD_BACSU	spoIIIAD BSU24400
P49783	SP3AF_BACSU	spoIIIAF BSU24380
P54379	CSGA_BACSU	csgA BSU02070
P54469	YQFD_BACSU	yqfD BSU25350
P59106	YPEB_OCEIH	OB1805
P94496	CSE60_BACSU	cse60 yteV BSU30080
Q01367	SP3AA_BACSU	spoIIIAA BSU24430
Q01368	SP3AB_BACSU	spoIIIAB BSU24420
Q04811	YMXH_BACSU	ymxH BSU16720
Q08309	COTV_BACSU	cotV BSU11780
Q08310	COTW_BACSU	cotW BSU11770
Q08313	COTX_BACSU	cotX BSU11760
Q5KWD9	SSPI_GEOKA	sspI GK2712
Q5KZP0	TLP_GEOKA	tlp GK1561
Q5WEJ3	SSPI_SHOC1	sspI ABC2682
Q633N2	SSPI_BACCZ	sspI BCE33L4306
Q637L7	TLP_BACCZ	tlp BCE33L3315
Q65GD0	SSPI_BACLD	sspI BLi03018 BL00309
Q65IG4	GERT_BACLD	gerT yozR BLi02270 BL01464
Q6HCW5	SSPI_BACHK	sspI BT9727_4296
Q6HFI9	TLP_BACHK	tlp BT9727_3365
Q72ZH9	SSPI_BACC1	sspI BCE_4689
Q733N0	TLP_BACC1	tlp BCE_3628
Q73AH3	SSPH2_BACC1	sspH2 BCE_1806
Q817I4	SSPI_BACCR	sspI BC_4563
Q81AG2	TLP_BACCR	tlp BC_3608
Q81L28	SSPI_BACAN	sspI BA_4806 GBAA_4806 BAS4458
Q81Y88	TLP_BACAN	tlp BA_3669 GBAA_3669 BAS3403
Q8EPH2	SSPI_OCEIH	sspI OB2133
Q8RB27	SSPI_CALS4	sspI TTE0998
Q9K893	SSPI_HALH5	sspI BH3113
Q9RC82	YPEB_HALH5	BH1632
